user_id,age,avg_session_duration,weekly_logins,purchase_frequency,preferred_device,time_of_day_active,true_persona,email_hash,phone_hash,name_token,predicted_persona,confidence
0,31,61,41,4.501717246411644,Tablet,Morning,Professional,081a85a37c36a75b,ec5bdb15811e1eab,USER_0000,Professional,0.87
1,70,116,17,6.608947914357961,Mobile,Night,Senior,d2ee3a1c1d3049f1,0b564af661223269,USER_0001,Senior,0.96
2,30,120,26,0.19620118718646218,Desktop,Morning,Parent,874348ce9384a365,89f517900fd40625,USER_0002,Parent,0.81
3,38,93,29,0.2982671573301554,Tablet,Afternoon,Parent,bf11e49c3f455975,898ec2c1d6bc6c49,USER_0003,Parent,0.91
4,29,28,2,3.45843356595539,Mobile,Evening,Professional,ec73a1182120495f,959fd895ba32c6bb,USER_0004,Professional,0.87
5,69,29,47,6.195946792672036,Tablet,Night,Parent,df460f80af3c6351,c3088427b6ce12c8,USER_0005,Parent,0.84
6,60,51,41,8.03557411137665,Tablet,Afternoon,Professional,479c73d37f50f469,2606f919621e257e,USER_0006,Professional,0.91
7,36,160,16,9.646424564470117,Mobile,Night,Professional,85aba4951fdc03a9,7aaabe0edd1930c8,USER_0007,Professional,0.95
8,48,72,19,3.7257936436910635,Tablet,Evening,Professional,0ee8cb9f37a93b83,185c4abd91538d31,USER_0008,Professional,0.98
9,42,16,30,0.2589938010454429,Tablet,Afternoon,Parent,5f5c19b72a90bfa4,a0cfdb6ef12ebfb9,USER_0009,Parent,0.9
10,40,155,42,8.27449770864613,Desktop,Evening,Professional,e41dc21e58b47540,895fc76730b6942e,USER_0010,Professional,0.97
11,19,35,35,5.185930120359112,Desktop,Morning,Student,d92c2f3c52e32c93,1ad441fe5344f35d,USER_0011,Student,0.57
12,65,169,37,4.30741737495023,Tablet,Morning,Senior,92fdf91652b84483,1a6cdf8f3b2e0a56,USER_0012,Senior,0.93
13,42,177,40,7.661651133699704,Desktop,Morning,Professional,76eaec327b981bbd,755964f0da06e2f0,USER_0013,Professional,0.98
14,25,74,16,9.922697841327523,Tablet,Morning,Professional,81a46d0412cd06d7,0bd1c09e5dc2a4dd,USER_0014,Professional,0.96
15,39,27,2,0.8847628402974006,Tablet,Evening,Parent,ff1fd5080de38c4a,7d67ea46352f8ef5,USER_0015,Parent,0.95
16,26,18,47,5.592004722853799,Mobile,Evening,Professional,ef2ce931d562f03b,b0d400c19b923f4a,USER_0016,Professional,0.89
17,60,91,43,9.697375435319525,Desktop,Evening,Professional,ac927908ccfcbb70,b8d8f438d8f9ade0,USER_0017,Professional,0.85
18,55,80,37,8.73442773916845,Tablet,Afternoon,Professional,3882b9691729b11b,3769aee79050de2f,USER_0018,Professional,0.93
19,58,166,6,6.296351645006796,Tablet,Evening,Professional,9bcb64e45d81ea0d,e64706574cd3eff6,USER_0019,Professional,0.98
20,19,39,34,2.682961393820169,Mobile,Evening,Student,5dcdb1f4de275bae,e0dc53de6d95eabe,USER_0020,Student,0.87
21,48,152,11,2.8748454117817213,Tablet,Morning,Parent,24c9223afa174be9,f3ed0cd28ab08b4a,USER_0021,Parent,0.98
22,31,166,17,4.844126556331174,Tablet,Afternoon,Professional,dd206c712dcb606a,5ff2746e913cd1f9,USER_0022,Professional,0.98
23,54,166,43,1.8580624784083,Desktop,Afternoon,Parent,7bb10e6656ba5de8,b2682dab7363fb6a,USER_0023,Parent,0.89
24,63,60,39,9.779471538800822,Tablet,Evening,Parent,dfd809ce410f9f9c,0009ce8c9b50b925,USER_0024,Parent,0.75
25,44,161,40,0.42889122114991074,Tablet,Morning,Parent,123d11b695c927fb,abfd84c61d20d97c,USER_0025,Parent,0.91
26,39,42,27,3.9214088717699958,Desktop,Afternoon,Professional,4bcc9b878e042646,143fbf734131d2c2,USER_0026,Professional,0.97
27,69,176,12,7.18374544897433,Mobile,Afternoon,Senior,492247aa5a3367b6,6738eeb89354cc57,USER_0027,Senior,0.94
28,30,109,50,9.368892457679953,Tablet,Afternoon,Professional,88aa44a73984bb80,884e371b4306c73b,USER_0028,Professional,0.95
29,25,49,45,4.312909710539049,Mobile,Afternoon,Professional,5bf3b961c12d4d16,8920f4901f1f8e95,USER_0029,Professional,0.86
30,40,118,23,7.789601042013138,Desktop,Afternoon,Professional,f492a563ff5ea2a7,8b75d04df5bf8361,USER_0030,Professional,0.98
31,70,120,5,4.837014113716442,Tablet,Night,Senior,ffc9222a10280a71,d92b739d378d320e,USER_0031,Senior,0.94
32,18,151,34,0.1035619223840134,Mobile,Afternoon,Student,2afdbf623a6320b6,11c71032e687f238,USER_0032,Student,0.79
33,56,60,19,7.027744395332629,Tablet,Evening,Professional,2cff8e9a3afcefc0,c9c5eb1c9ffdf33e,USER_0033,Professional,0.89
34,44,26,13,2.0864028310402585,Mobile,Evening,Parent,462a55af729ca4bf,a7e244f1b03f66c6,USER_0034,Parent,0.98
35,58,51,33,5.157486093376048,Mobile,Afternoon,Professional,09e459f6935bdf5e,9e242db0d65dec39,USER_0035,Professional,0.93
36,38,55,13,0.3293419337290526,Desktop,Morning,Parent,64ec33f4885237e9,462467ce6e5624aa,USER_0036,Parent,0.97
37,48,139,7,5.187410999625046,Mobile,Night,Professional,10a25eb8f4a0639a,36bd8ff7942314cd,USER_0037,Professional,0.97
38,26,49,46,3.8095736379825027,Desktop,Evening,Professional,83cf63e27fe72d53,1226391d52beac95,USER_0038,Professional,0.88
39,61,173,9,4.836786999891424,Mobile,Morning,Senior,9356bf0b8e795162,bef45beab0d3987f,USER_0039,Senior,0.8
40,47,34,35,1.163160093940696,Desktop,Morning,Parent,0be67fcab6b050d8,51314aa588574ba3,USER_0040,Parent,0.98
41,19,45,38,6.682668693279453,Tablet,Afternoon,Student,8bb9d614993f8c49,1d5ce15ee9d45b88,USER_0041,Student,0.89
42,25,174,10,1.5855773406007567,Tablet,Evening,Parent,863e7a821d3160a3,f383a28c9686df17,USER_0042,Parent,0.96
43,34,54,34,4.572645572753697,Tablet,Night,Professional,a1dcdb5c6e7b6f94,3e14f638d5087464,USER_0043,Professional,0.92
44,26,29,32,4.599205734480899,Desktop,Afternoon,Professional,125c1db5f640f10b,a2a19f5ed3c20260,USER_0044,Professional,0.89
45,60,169,46,7.500764305437402,Mobile,Morning,Professional,b322be311f189808,8808670ae92038cd,USER_0045,Professional,0.94
46,39,76,49,5.417684769231718,Mobile,Afternoon,Professional,abfe763995b6cec7,11792eeb0d1495f6,USER_0046,Professional,0.86
47,18,30,2,4.335594116058381,Mobile,Evening,Parent,55f484d7cf574197,d69b75fc011da13a,USER_0047,Parent,0.77
48,54,179,38,1.5641056536327125,Mobile,Night,Teenager,7d58230164de36a8,5b82441136315471,USER_0048,Teenager,0.78
49,68,115,15,9.878683431119006,Tablet,Night,Senior,9d277f5105f43489,768b252113bd704e,USER_0049,Senior,0.9
50,37,10,10,1.5424633836715018,Tablet,Afternoon,Parent,7ef778014967e9d9,1d7d71aa1d7d1563,USER_0050,Parent,0.94
51,54,177,8,7.375102416324012,Tablet,Evening,Professional,67ff09cbcfafae8a,e671320df26798de,USER_0051,Professional,0.97
52,47,44,45,0.3791002663255083,Desktop,Night,Parent,64777bf57bd992b6,8025bcab904d6de8,USER_0052,Parent,0.92
53,34,143,2,9.515901880459888,Mobile,Afternoon,Professional,5e7588725b8ae1bb,8378964ad560ae78,USER_0053,Professional,1.0
54,23,40,40,6.627163933583767,Desktop,Night,Student,93039a5dac384f98,6e8f6b4566a5c376,USER_0054,Student,0.86
55,25,68,28,3.399787640765566,Mobile,Night,Professional,27d6860dca361758,1e6d2250130d306e,USER_0055,Professional,0.63
56,22,76,28,4.448083740890018,Tablet,Night,Student,4b8767442073b936,fc8274f324361c50,USER_0056,Student,0.83
57,42,130,44,8.843501421474718,Tablet,Evening,Professional,827f1a92a18ac685,2d6e7ded53c5a2a0,USER_0057,Professional,1.0
58,41,137,1,9.375741240283402,Mobile,Afternoon,Professional,3a0c515ee04a2c06,779339e3064a0363,USER_0058,Professional,0.94
59,36,70,17,2.90812287540551,Desktop,Evening,Parent,d8cc82ed53c287af,2e9b9f971c5066b9,USER_0059,Parent,0.98
60,19,79,37,0.556437595846313,Tablet,Morning,Student,24cd79795ec5c686,f966a1c828e5a7ee,USER_0060,Student,0.91
61,40,16,7,8.567142715739752,Desktop,Afternoon,Professional,ee376810ad2296bd,65cae368b050fabc,USER_0061,Professional,0.93
62,65,57,21,4.974731616997391,Mobile,Evening,Parent,c549f617d2f8dcdc,d67152ca18fa5813,USER_0062,Parent,0.67
63,33,161,18,3.403682519727871,Mobile,Morning,Professional,31c303ccff61563a,9119d0b169717721,USER_0063,Professional,0.79
64,49,179,38,8.295521183397486,Desktop,Morning,Professional,40caa735dbcc468d,906142c5eba2a1ec,USER_0064,Professional,0.98
65,68,65,29,8.97904098270304,Desktop,Night,Senior,7f728762d8c11b9e,b6c3155800bf0700,USER_0065,Senior,0.89
66,47,25,27,6.596509996656556,Mobile,Afternoon,Professional,900b11076bc8b07c,43ae19c241831bff,USER_0066,Professional,0.93
67,45,63,38,7.870418190509123,Desktop,Morning,Professional,99a39f331d06f96a,b1a5cfc9ce4065e2,USER_0067,Professional,1.0
68,67,56,34,2.9854640161364854,Desktop,Night,Parent,9871e638bfdda891,3428a7b43d584012,USER_0068,Parent,0.61
69,34,76,15,3.190547654249948,Desktop,Morning,Professional,58790f927036f659,cb07b75e3b2120c2,USER_0069,Professional,0.81
70,45,132,19,1.8058886904673388,Mobile,Night,Parent,6bc4f1cff45f9293,8e269e12ba8b3d4a,USER_0070,Parent,0.86
71,58,147,38,0.2875459818149273,Desktop,Evening,Parent,9afd02385f74e4c9,bbee2129153ed1f9,USER_0071,Parent,0.85
72,39,41,11,4.033929542896065,Mobile,Afternoon,Professional,173e13fc87274a32,a656033a9a17765b,USER_0072,Professional,0.95
73,55,28,18,3.789539123813922,Tablet,Afternoon,Professional,09cb1ba31372698c,31a337893eee0a31,USER_0073,Professional,0.91
74,47,125,27,8.564325967699194,Tablet,Night,Professional,46ca83a1ec32675b,ccb17142693b4ecd,USER_0074,Professional,1.0
75,61,144,9,3.9099206223356973,Mobile,Evening,Senior,a1f2d3bf465cdf2d,cf728ef1cf9f69e6,USER_0075,Senior,0.91
76,66,116,23,1.5136862171113752,Tablet,Afternoon,Senior,75f5ddc09f2a382b,5844e6ef34091fc2,USER_0076,Senior,0.89
77,58,61,35,2.6843892444086483,Tablet,Night,Parent,8e3215aa19217e91,90fed112dc49863d,USER_0077,Parent,0.75
78,21,42,3,7.0729863505819495,Mobile,Afternoon,Parent,1fcae2ccb22fc80c,72e840b392048ef6,USER_0078,Parent,0.55
79,30,22,26,3.219742586757196,Tablet,Night,Professional,5a330395f88be017,02527f71711ae382,USER_0079,Professional,0.81
80,59,165,9,6.806627818113126,Tablet,Afternoon,Professional,2324f71ee2cc8a37,021cfb0fcf9ebaa9,USER_0080,Professional,0.98
81,64,112,36,5.370187462196297,Tablet,Evening,Senior,9ec991425556f724,d5f16458342072f6,USER_0081,Senior,0.87
82,67,126,19,6.050792162591533,Tablet,Evening,Senior,e8de689c4b97b597,2b02f18dc2d511c5,USER_0082,Senior,0.89
83,61,173,18,1.5700165029453195,Mobile,Night,Senior,df393fbd3cd76e37,fda244f81d777096,USER_0083,Senior,0.93
84,49,118,23,0.9235903443357585,Tablet,Evening,Parent,585d82f5a944541f,870fa471ace8a914,USER_0084,Parent,0.87
85,61,85,10,3.9284557457905978,Tablet,Evening,Senior,b1f35b1f4c0694ce,8f26bff451339cbd,USER_0085,Senior,0.94
86,62,127,8,8.470678930778119,Mobile,Morning,Senior,5b8d301f9a421e40,3dd9e07ef8d7e053,USER_0086,Senior,0.96
87,69,99,11,3.0700926151091226,Mobile,Evening,Senior,c8a02c477c1ef3b9,cd929886b3be7175,USER_0087,Senior,0.95
88,43,161,6,0.6921950203858906,Desktop,Night,Parent,936fe41cf5d71b9e,6f3efd4dbf9931ea,USER_0088,Parent,0.96
89,56,59,31,2.9245681024677674,Desktop,Morning,Parent,103167c56c27ca02,562ed6a25167d14f,USER_0089,Parent,0.94
90,70,5,25,5.4767579673753755,Desktop,Evening,Parent,b029e956d6f559c3,200903690cde1370,USER_0090,Parent,0.52
91,23,105,31,4.201056356842049,Desktop,Evening,Student,9f63ca767b06db08,113016997b2039ef,USER_0091,Student,0.91
92,66,177,2,4.561935395471066,Desktop,Evening,Senior,e4846693fc8af6c2,6569ee258559e31a,USER_0092,Senior,0.9
93,44,122,21,6.581837041799131,Tablet,Evening,Professional,84bb03ab68599407,0036e070c74d8e4d,USER_0093,Professional,0.98
94,44,120,16,6.5561938278673635,Desktop,Morning,Professional,5abf1c3a829fb4af,caf3194e4ad0c3fd,USER_0094,Professional,0.97
95,32,115,5,5.7264622378661665,Desktop,Morning,Professional,51f736404780cccd,12c17976240afe79,USER_0095,Professional,1.0
96,54,128,44,0.7184632854224682,Tablet,Morning,Parent,3c0fe876f2944a13,bdf0fd95edf3fb9f,USER_0096,Parent,1.0
97,47,159,25,2.989332927448541,Tablet,Morning,Parent,5993759b8ff1f152,67ccf987a4605155,USER_0097,Parent,0.9
98,49,29,28,8.58635549115737,Desktop,Night,Professional,85533be758fc46be,3d8ebdf73d448bc2,USER_0098,Professional,0.92
99,58,136,34,9.178643857046449,Mobile,Night,Professional,c59713163e1d310e,d0f88c7a05f8264a,USER_0099,Professional,0.95
100,25,65,47,6.340242143205117,Desktop,Morning,Professional,1501ad7597922514,eb18ea250a2eff3f,USER_0100,Professional,0.91
101,70,30,16,9.895641670578277,Tablet,Morning,Parent,22e3dc57e2cda76c,ed8d180b9669fa3e,USER_0101,Parent,0.55
102,62,127,34,4.791094000085162,Desktop,Night,Senior,c998ae0d7ab4d8a2,a75b135a67a3c45f,USER_0102,Senior,0.91
103,49,9,9,1.7478254225366396,Tablet,Morning,Parent,5629de2a5a2cce7d,85ab43f895a90b99,USER_0103,Parent,1.0
104,36,46,25,3.873806574875606,Desktop,Morning,Professional,e8c8a512a5d3901b,72bb6070ee46ef23,USER_0104,Professional,0.82
105,31,132,27,5.182899424144564,Desktop,Morning,Professional,f372ce7dcddc5be0,5785666d8c979c16,USER_0105,Professional,0.95
106,40,31,29,0.6838081934049223,Desktop,Evening,Parent,70458faa812bd594,4e4ac008dbc4cabd,USER_0106,Parent,0.97
107,44,159,14,3.5333710263594567,Tablet,Afternoon,Professional,30d8d8a097d558f0,66714c062432d130,USER_0107,Professional,0.95
108,46,17,17,0.18277101771136284,Desktop,Afternoon,Parent,db5ba069e586b1eb,0dc62f1ecfc1f3fc,USER_0108,Parent,0.95
109,57,85,17,7.900442307277439,Desktop,Evening,Professional,cfb46de76b63a3d7,07b1344f57a33b9a,USER_0109,Professional,0.99
110,46,64,23,7.737541388589371,Mobile,Night,Professional,221d818ad2e8e3df,a9cfa7ef5aa17e5f,USER_0110,Professional,0.96
111,33,125,13,1.6661985396417223,Desktop,Night,Parent,64ae0f715d5bc1f1,8c72930f22b200af,USER_0111,Parent,0.97
112,45,99,50,9.228626978984929,Tablet,Evening,Professional,6d57ef08e46cbb08,aac26f7f288b60ef,USER_0112,Professional,0.99
113,22,82,28,6.130844907938409,Mobile,Afternoon,Student,8c3358f2567449e2,1645f084e98bd5c7,USER_0113,Student,0.91
114,58,135,31,8.334653618932602,Desktop,Afternoon,Professional,0d33dfae346cd99e,2288f3bdda913360,USER_0114,Professional,0.97
115,69,23,38,1.034522236541705,Tablet,Evening,Parent,588236890636ba6c,a54bd3de4c497979,USER_0115,Parent,0.89
116,26,49,13,2.8560310466384173,Mobile,Morning,Parent,b2e52420ee4928d7,8492808365b9023c,USER_0116,Parent,0.94
117,36,124,38,2.6804040037333565,Desktop,Evening,Parent,cc06b31f0a2a25cd,118b31be8f2ef98f,USER_0117,Parent,0.86
118,66,50,33,3.1719771060455115,Tablet,Evening,Parent,3230c341921d0fe3,7839f107ea7bafd1,USER_0118,Parent,0.77
119,60,103,2,8.068046988307835,Mobile,Night,Professional,5c71dbc744e9e1e7,b727cc8d42779aa2,USER_0119,Professional,0.9
120,31,100,9,6.213554943531153,Tablet,Morning,Professional,97a677d55f1d2ca1,3fab72d58678f3c3,USER_0120,Professional,0.98
121,54,49,50,5.1996775652338165,Tablet,Afternoon,Professional,caae355fc029af2e,b6c063a3bd3e0bb0,USER_0121,Professional,0.93
122,28,165,35,1.9929528611170466,Mobile,Afternoon,Teenager,a5312b03741f7e38,e01196cd16f20e9f,USER_0122,Teenager,0.73
123,65,82,50,3.330075764213327,Desktop,Afternoon,Senior,125f9be9e560bafb,c7f5e6242621113a,USER_0123,Senior,0.95
124,58,160,34,4.369837307516118,Mobile,Morning,Professional,8c6d04f4f9673e9b,b302c8866f0871ed,USER_0124,Professional,0.84
125,70,145,36,8.367589804043828,Mobile,Morning,Senior,9402051d984fb4d2,c74a3a9e8e3dc63b,USER_0125,Senior,0.97
126,38,40,30,8.97319546350239,Mobile,Afternoon,Professional,c98362a6996e0961,ccfee3982ad70db8,USER_0126,Professional,0.97
127,59,85,32,8.337551323382376,Tablet,Afternoon,Professional,0ba173f375119e67,bb7efaad68298983,USER_0127,Professional,0.94
128,66,52,50,3.9389119025177086,Desktop,Morning,Parent,2fe0269ca75c7ba3,0af8cd3d7624855a,USER_0128,Parent,0.79
129,31,139,8,9.519331755930938,Mobile,Morning,Professional,d7b5fbe37125dbc8,8495240fb9bd9661,USER_0129,Professional,0.98
130,19,51,43,5.138772024771935,Tablet,Afternoon,Student,723070f15853f1c4,993add74efa44c43,USER_0130,Student,0.92
131,21,52,37,1.7107120933421927,Desktop,Evening,Student,79eccafe2caf6015,63400c44b948c9d9,USER_0131,Student,0.5
132,43,112,46,6.888344626050552,Mobile,Morning,Professional,1c6a230193453998,b5c5fbec515d3963,USER_0132,Professional,0.98
133,59,119,41,2.0492568098438935,Desktop,Afternoon,Parent,aa62672a22ba2650,0d02a68c63372857,USER_0133,Parent,0.96
134,59,9,50,6.905893968250827,Desktop,Night,Professional,8bf3ac44bdd1dbe4,8489d6ecc5866a89,USER_0134,Professional,0.87
135,37,122,42,6.52845863705495,Tablet,Night,Professional,0f5eeaf843923bbe,954052709177f358,USER_0135,Professional,0.97
136,37,79,41,7.358818069071111,Mobile,Evening,Professional,73eeb5b80221a1aa,6c65333e7202b0fe,USER_0136,Professional,0.98
137,53,99,5,8.681609511084282,Tablet,Afternoon,Professional,2e968d3b3b6fcefc,ddb041d55af01245,USER_0137,Professional,1.0
138,63,166,42,2.4602063822277644,Tablet,Morning,Senior,ce17a4aad521c068,409c4ebc0d24db00,USER_0138,Senior,0.85
139,34,122,19,4.087823232662586,Tablet,Evening,Professional,e9a04e622ed4c1d3,81d0dc35ca83ebc2,USER_0139,Professional,0.98
140,47,26,46,5.867245506892159,Tablet,Morning,Professional,8dfad7534af0b606,f4e322976a8fc77c,USER_0140,Professional,0.93
141,36,133,41,9.749010500331067,Desktop,Evening,Professional,4c3fc518921500a0,fd661efb80836703,USER_0141,Professional,0.98
142,50,176,42,0.8305100622356165,Mobile,Evening,Teenager,27b070c16c7ffbc8,45ce1ec4249f7699,USER_0142,Teenager,0.81
143,38,80,21,9.851312628436732,Desktop,Night,Professional,55ade5d02c57d8d8,1dbfc583b20d0109,USER_0143,Professional,0.98
144,19,40,42,5.112156445279906,Mobile,Evening,Student,8c8f69fcf521dacc,d82bab5bf3680f03,USER_0144,Student,0.81
145,20,155,34,5.108006023360141,Mobile,Morning,Student,5e175111bfb3bd3a,bc7184768d12a68b,USER_0145,Student,0.93
146,68,159,30,6.794662875734572,Mobile,Night,Senior,7a0b1c088ec96101,6e2d35b281bd3184,USER_0146,Senior,0.89
147,41,28,48,2.046824872078059,Desktop,Morning,Parent,d00ee3e3ea2c95b9,359560d0a1a34bdf,USER_0147,Parent,0.95
148,44,7,26,6.769610481817658,Tablet,Evening,Professional,f21e0ca53ffcf117,ffa8897d0ba8eceb,USER_0148,Professional,0.83
149,57,178,14,7.374927172239488,Mobile,Night,Professional,e69790d9437b0c9b,b10e6b679776b89c,USER_0149,Professional,0.98
150,58,85,29,2.538649539006549,Desktop,Afternoon,Parent,dd5afd0eafbacdab,40d748b6d56e18bb,USER_0150,Parent,0.99
151,29,63,7,8.406527946291556,Mobile,Night,Professional,72e5da2488c89f79,5a17b1f32da6fe0b,USER_0151,Professional,0.92
152,20,40,2,7.901086062785756,Desktop,Evening,Parent,2e57c07ce5ab16d3,df2f2cf62ed06fb7,USER_0152,Parent,0.79
153,23,165,25,7.830183802200321,Tablet,Afternoon,Student,39eabd73a7ee412f,042e223537fb4724,USER_0153,Student,0.85
154,54,160,12,5.74358382777982,Tablet,Night,Professional,9665b2eb096b2675,8415c194936a9a48,USER_0154,Professional,0.94
155,28,97,24,0.3068130168647565,Desktop,Morning,Parent,7dd64f0175ec1cc6,9c9ea1061f6faceb,USER_0155,Parent,0.88
156,36,151,42,3.726932660019938,Mobile,Evening,Professional,5fb1e4315fdf8d9d,711351b292544e32,USER_0156,Professional,0.91
157,51,176,20,3.3269223509019286,Tablet,Night,Professional,e8a05282ea5d36da,be3d12855a461006,USER_0157,Professional,0.89
158,50,21,44,8.608102073109533,Tablet,Evening,Professional,0bf7e3a6d6f31fb7,981b21fb799756c8,USER_0158,Professional,0.96
159,34,123,42,2.657506694495917,Tablet,Morning,Parent,1689b46a9105a18c,57023395082a94d3,USER_0159,Parent,0.94
160,41,22,9,8.79267757275396,Mobile,Afternoon,Professional,863888c18590b9c9,c28518ad573e714c,USER_0160,Professional,0.94
161,59,26,50,5.431231596181885,Desktop,Evening,Professional,2c73f7c6e8a7861d,937af9ba487dab80,USER_0161,Professional,0.89
162,67,65,7,9.670993799600256,Tablet,Evening,Senior,1a216c37691e1273,e486d3b801601826,USER_0162,Senior,0.87
163,54,140,16,4.886491996132492,Tablet,Morning,Professional,a17c93ee1efdacbc,14aa7b91c746d26b,USER_0163,Professional,0.97
164,68,136,44,6.7083066969099026,Tablet,Afternoon,Senior,458b8687e48b6905,0807d1e75519ec56,USER_0164,Senior,0.87
165,66,107,8,8.194826950317553,Mobile,Evening,Senior,0bc192ba74566c2d,652948d2d55a0d77,USER_0165,Senior,0.96
166,67,90,36,8.960615920017025,Mobile,Night,Senior,905b51c1721109a6,1afc7bc945652449,USER_0166,Senior,0.93
167,36,147,19,8.88690046704325,Desktop,Afternoon,Professional,b40da10ea71a2c8f,307c980b36b4dba0,USER_0167,Professional,0.88
168,34,116,35,6.360760291936396,Mobile,Morning,Professional,04d7ca6f0282f152,2ec8aad1402a2be8,USER_0168,Professional,0.98
169,53,149,46,8.72289810799863,Mobile,Night,Professional,f54385d2c7d5f9a6,10db7ae959493af3,USER_0169,Professional,0.94
170,33,151,50,6.404271091029791,Mobile,Morning,Professional,ffb2ba53d9b91428,fa4388a2d92787bd,USER_0170,Professional,0.95
171,26,113,31,5.674707277793566,Tablet,Night,Professional,9f68ef4afb72234f,ab4f0f3ba4a8e3b8,USER_0171,Professional,0.91
172,70,83,34,7.466010910471212,Tablet,Afternoon,Senior,297bc279bb9da83a,925c80d3b23663c3,USER_0172,Senior,0.82
173,22,115,47,3.2793555606235083,Desktop,Night,Student,199e6211410dc16f,9d5f217d6d60a6d1,USER_0173,Student,0.71
174,29,104,27,5.56681792734109,Desktop,Evening,Professional,fc46a9a8a9611306,266300e585900367,USER_0174,Professional,0.92
175,38,86,35,5.501268323439121,Mobile,Afternoon,Professional,c2c1e38c91ec7ae5,578c3fd6a7dea14a,USER_0175,Professional,0.9
176,21,126,25,3.998987430562677,Desktop,Night,Student,c4757b919cf40998,6b698cd50fac24c1,USER_0176,Student,0.58
177,61,148,40,1.4469635621754162,Tablet,Morning,Senior,d385fa1d69cfe5a8,8e2bee7e280abb0a,USER_0177,Senior,0.85
178,64,92,26,0.6080571256147316,Tablet,Afternoon,Senior,7c66049a6780dd48,3839a32f6267f4ec,USER_0178,Senior,0.93
179,34,153,10,4.726222728952985,Mobile,Afternoon,Professional,f1e66390faa21426,cdc3a3f865de4b26,USER_0179,Professional,0.97
180,50,55,45,5.111872711999521,Desktop,Morning,Professional,a6f2d953fd07d11a,1a6ad9380133fc45,USER_0180,Professional,0.86
181,30,24,11,6.821766308393837,Mobile,Evening,Professional,859f991f770fc8eb,8f1767334a7d0a04,USER_0181,Professional,0.89
182,40,34,44,6.157191889314209,Desktop,Evening,Professional,4e6fb3498b08da99,a3aa1293190cb671,USER_0182,Professional,0.88
183,50,130,44,9.714713289680173,Tablet,Afternoon,Professional,65a9a213cf91663a,ed03f2e5fccc800f,USER_0183,Professional,0.91
184,61,145,20,5.206796211774307,Mobile,Morning,Senior,0eb565244890a856,4b8745278575cabe,USER_0184,Senior,0.88
185,48,54,23,1.4977366221427524,Tablet,Morning,Parent,9cb23d008d18eeca,47d2c44d2f93c933,USER_0185,Parent,0.93
186,43,100,23,7.222512979629517,Mobile,Morning,Professional,1783cb93a417ba25,261d3f4e11e6c57c,USER_0186,Professional,0.96
187,28,135,46,0.33433896682442454,Tablet,Night,Parent,e25af13fda022054,6acc4f177a4ae979,USER_0187,Parent,0.94
188,52,68,26,9.898168792149352,Mobile,Evening,Professional,56e1750821c854b4,8aae3c6b4365ab08,USER_0188,Professional,0.93
189,64,101,11,4.148052483559584,Tablet,Morning,Senior,7022bae20c9676ce,e6b01dcc135aae5a,USER_0189,Senior,0.96
190,68,126,30,8.423748896166659,Mobile,Afternoon,Senior,0968422c7c436b04,e06bdb19338eeed0,USER_0190,Senior,0.99
191,41,121,45,6.499622523188245,Mobile,Afternoon,Professional,aa31eb9edb29398a,1ab86b2cea107cc5,USER_0191,Professional,0.95
192,61,61,29,5.161996438720155,Mobile,Morning,Senior,dcc58b71c4bb2c52,3f8b35ff91ec0773,USER_0192,Senior,0.77
193,61,84,28,5.119919524707271,Desktop,Evening,Senior,15241f0c10daf520,1c32464a86022dce,USER_0193,Senior,0.85
194,19,78,49,7.967780666027606,Mobile,Morning,Student,416ae99c4cf4b4b5,a5af4e248f5beb69,USER_0194,Student,0.8
195,36,31,21,1.8741545827267847,Mobile,Afternoon,Parent,5ad77868ac202375,b377f085c1f8bd98,USER_0195,Parent,0.8
196,56,149,34,0.9003825437063473,Tablet,Night,Parent,20dfc4836ad738b1,589f3f3f0828d486,USER_0196,Parent,0.89
197,24,85,43,4.428397783436466,Desktop,Evening,Student,f47b7bd189f9c257,387eeae49dcfc294,USER_0197,Student,0.84
198,35,13,16,2.6146952265965617,Tablet,Morning,Parent,49beed44aa0b9159,2dec467ea464641c,USER_0198,Parent,0.99
199,38,23,8,5.998186417358341,Tablet,Night,Professional,93eb458f843cb9d8,658e9dce15157712,USER_0199,Professional,0.96
200,33,166,28,6.528515727103911,Tablet,Afternoon,Professional,c151b68ed96646b5,f75cd56e931bf0d2,USER_0200,Professional,0.98
201,29,164,40,6.04647121856136,Desktop,Afternoon,Professional,fc34b47cfe773963,b1968edc486a9d3c,USER_0201,Professional,0.94
202,53,9,9,2.5626364729692064,Tablet,Morning,Parent,d222c628f521bd98,33ebd31fad512b95,USER_0202,Parent,0.99
203,39,142,38,0.09649253781454759,Desktop,Afternoon,Parent,95c7dc9a0f7582a3,01bd1f6729d075dd,USER_0203,Parent,0.93
204,19,142,16,8.251881921109414,Mobile,Night,Parent,428ea7612ca64bd9,0705849fe22091a9,USER_0204,Parent,0.73
205,66,69,40,9.687824069762396,Mobile,Afternoon,Senior,1a47b9d9e50dd11a,2aa8b6e91cd1b868,USER_0205,Senior,0.96
206,37,48,32,0.31556028989755625,Tablet,Evening,Parent,fb7b36c4e4cd28aa,65ace58afff290b0,USER_0206,Parent,0.88
207,36,99,21,8.038724967250069,Mobile,Evening,Professional,ff5b5f15fc83ee20,a66b097074d5a7a4,USER_0207,Professional,0.97
208,49,170,33,2.5810725518295605,Desktop,Afternoon,Parent,6e61197d045d735d,91f8faaf9654162a,USER_0208,Parent,0.95
209,34,176,39,0.23811255990971225,Mobile,Morning,Teenager,f842e8213d3ae2f8,8b5cc98fc567a0f8,USER_0209,Teenager,0.5
210,59,59,40,2.184250424926071,Mobile,Evening,Teenager,e2ccdd25b0bc3a4e,dea86b9cd8582e95,USER_0210,Teenager,0.53
211,31,40,22,4.371557283449542,Desktop,Afternoon,Professional,7bcdf2d605658553,72fe383122075e1e,USER_0211,Professional,1.0
212,44,155,22,2.782391002692395,Tablet,Evening,Parent,e5464be67d157ec5,67b07d3d6e676c3a,USER_0212,Parent,0.97
213,37,141,23,2.412203658632893,Desktop,Night,Parent,49346e3256a79ca2,6d8895b1f7f9d1f0,USER_0213,Parent,1.0
214,19,109,47,1.4731169833643132,Tablet,Night,Student,6853178f7b1edcce,d1d89153d2106505,USER_0214,Student,0.84
215,32,74,21,8.623907217060005,Tablet,Morning,Professional,a0e42053e24ed4d6,f0a4dedfae5a6daa,USER_0215,Professional,0.99
216,60,39,35,2.0603463582817994,Mobile,Night,Teenager,35150305ebd02983,38ee336f05c01326,USER_0216,Teenager,0.66
217,23,131,45,9.337203100546658,Mobile,Night,Student,f543046105453eb0,f4fb77bf93e6fa8f,USER_0217,Student,0.84
218,51,92,24,6.373334422384216,Mobile,Afternoon,Professional,39f7d271010ae8ee,5a34ac4bbd8da7ac,USER_0218,Professional,0.92
219,49,73,31,7.482295021284042,Desktop,Evening,Professional,468e035b92eb7760,0b49c6e61a68983f,USER_0219,Professional,0.97
220,57,5,30,8.666100305092781,Mobile,Night,Professional,4cacaefe3b180f18,564abeeb0e9c5f6f,USER_0220,Professional,0.81
221,66,87,25,6.756544100639673,Desktop,Afternoon,Senior,b0de1b176765f9c3,c7b5f5f1a1cbcb2d,USER_0221,Senior,0.92
222,55,64,45,6.702604648694132,Mobile,Morning,Professional,0ee00ee5f5236ce1,4bb2c0cb02b98add,USER_0222,Professional,0.96
223,59,32,30,2.664343548879966,Desktop,Morning,Parent,a907c5ffc70dfb91,9e14e6c82929a2df,USER_0223,Parent,1.0
224,47,167,28,4.172447099793989,Tablet,Afternoon,Professional,57e16f5efce010fb,bd17a9d0d9baceb4,USER_0224,Professional,0.96
225,69,115,38,4.582960203897867,Tablet,Night,Senior,0edb247e363f8516,d308acfbca743db4,USER_0225,Senior,0.76
226,25,72,14,2.9487667014851415,Desktop,Morning,Parent,58ae64b1d6c54103,0690e035223ded83,USER_0226,Parent,0.94
227,24,24,1,6.901291879079187,Desktop,Afternoon,Parent,ec571dacf3bfaafb,0c1366cb2e07f8ee,USER_0227,Parent,0.8
228,21,155,45,7.619443407374781,Tablet,Morning,Student,6562300ae3e3be4d,902da213ef564bbb,USER_0228,Student,0.96
229,62,17,21,4.186154416186248,Mobile,Morning,Parent,0717e6328ced2bda,7fc8e949de2a5d7b,USER_0229,Parent,0.59
230,51,12,28,7.494918808993244,Desktop,Afternoon,Professional,40d53e95f2d20eb2,9e917499ebb2fb93,USER_0230,Professional,0.92
231,30,60,21,5.706974693211885,Tablet,Evening,Professional,d69d9744f35f4d35,2016c6be835b67a9,USER_0231,Professional,0.96
232,36,164,33,7.1066424486519795,Tablet,Afternoon,Professional,391dc29b4157f936,18c1607c1a8f066c,USER_0232,Professional,0.97
233,21,156,47,6.426154193791534,Tablet,Night,Student,6961742f37bae227,cf46f028cd164c09,USER_0233,Student,0.91
234,36,75,5,9.890943676204074,Desktop,Morning,Professional,a1885d7ac93beb0e,4f016cf344b29b6b,USER_0234,Professional,0.98
235,53,94,39,8.499514303929013,Tablet,Morning,Professional,9f35bf384e995d4c,164b791ca21b4e43,USER_0235,Professional,0.98
236,39,106,42,7.967046339871306,Tablet,Evening,Professional,d7bf837730ac217b,bdafa29be9e1664f,USER_0236,Professional,1.0
237,40,37,17,9.258206726246147,Tablet,Afternoon,Professional,4ac2e5eaefedc6b8,f38d955724879775,USER_0237,Professional,0.97
238,59,176,32,1.3560291966360916,Desktop,Evening,Parent,bf0af632ad139876,c0fa24fdf0061ca0,USER_0238,Parent,0.85
239,40,64,50,6.896420288997404,Tablet,Afternoon,Professional,f32c004d4eb19fac,d034aeb1c1aac8a8,USER_0239,Professional,0.95
240,65,99,12,2.453219897512149,Tablet,Morning,Senior,169ce0c5c14f2f19,7646ef043bc9e4fc,USER_0240,Senior,0.88
241,19,153,43,4.482406070397733,Tablet,Morning,Student,5699cfe1897d179a,a91ad9087879ca94,USER_0241,Student,0.96
242,67,106,4,3.2161983209413227,Desktop,Afternoon,Senior,cda11cf1a5c6af82,63fb83322e763a97,USER_0242,Senior,0.96
243,53,9,5,3.6044281332254324,Mobile,Evening,Professional,42962e9cd48738ec,350e7dab8bdf0470,USER_0243,Professional,0.92
244,40,5,9,8.067132850547896,Mobile,Morning,Professional,ded7aea9793928d5,2c512cd7ba3ad25e,USER_0244,Professional,0.79
245,44,105,44,5.932136340161394,Desktop,Morning,Professional,b0631fa49de3df9f,1e79ca33f7228949,USER_0245,Professional,0.98
246,31,129,43,5.4191448344253175,Mobile,Night,Professional,193ffff7d880431c,e90c95725e75c675,USER_0246,Professional,0.98
247,41,27,46,0.9301426115653955,Desktop,Morning,Parent,9c2da102c5f6b3e0,7284fa48d0ef977f,USER_0247,Parent,0.94
248,37,128,11,5.3446148013431385,Desktop,Night,Professional,45677176ef6662e3,a577cef41f3364c8,USER_0248,Professional,0.87
249,25,24,2,7.543991728649704,Mobile,Night,Professional,71a1c967969f8e5b,78ff9e128a2603a9,USER_0249,Professional,0.66
250,70,131,22,8.778191569827458,Tablet,Evening,Senior,272511fd51320eac,579d81b5127493b5,USER_0250,Senior,0.8
251,66,15,49,9.016819953871032,Desktop,Afternoon,Parent,cfd921711bed8bf6,2800e3ccdd3c3064,USER_0251,Parent,0.79
252,32,73,39,5.203823065290103,Mobile,Morning,Professional,f1e8290f705abe61,1a936c2a18709e8f,USER_0252,Professional,0.94
253,36,91,16,1.2439146813134294,Desktop,Afternoon,Parent,dbdf9b3844f4c44f,6e0989c8fe24f00a,USER_0253,Parent,0.97
254,53,21,27,8.192215259649037,Tablet,Night,Professional,467c4c62858a0606,a365a4b014b59c7b,USER_0254,Professional,0.98
255,52,161,2,9.527302706102038,Mobile,Morning,Professional,b9e32354433c0056,7f7cb76fab68e1b4,USER_0255,Professional,0.99
256,67,170,23,2.699631161666245,Mobile,Afternoon,Senior,5c07f0c9a38573a5,c3e0b950e544ebae,USER_0256,Senior,0.97
257,23,97,47,3.117711279328664,Mobile,Evening,Student,4132427a7cb2ad15,680f0fd3aa45bc6f,USER_0257,Student,0.9
258,38,94,10,3.8042794621638585,Tablet,Night,Professional,e9cba21dc61ea1b5,037131ad4b844154,USER_0258,Professional,0.98
259,54,42,19,0.5387576947638684,Tablet,Morning,Parent,35d28ec8298006a2,344f3fc913d196d5,USER_0259,Parent,0.95
260,34,83,29,5.196137082988671,Tablet,Morning,Professional,900131dda7096e72,a6260a7745fb7347,USER_0260,Professional,0.97
261,42,163,4,4.708733169734006,Mobile,Afternoon,Professional,32a0c7691f5ca7ff,41d6c815017d1331,USER_0261,Professional,0.94
262,62,46,9,4.563922837424144,Mobile,Morning,Parent,11f52203f7b84b47,0ab65bc602f30584,USER_0262,Parent,0.78
263,18,160,9,6.92392795864842,Mobile,Evening,Parent,31518386f6a79859,9b4d86cf63957ff3,USER_0263,Parent,0.78
264,35,82,23,1.6343563228217362,Tablet,Night,Parent,14e8361ae325cbbd,2aeb2a199b15e8e9,USER_0264,Parent,0.95
265,57,174,12,9.682209515093824,Tablet,Evening,Professional,54511af15f6a78c7,bc5879c0ce0e1d45,USER_0265,Professional,0.96
266,65,41,25,9.314068276045102,Desktop,Evening,Parent,455c1c034d0a27fa,c412458be94048c3,USER_0266,Parent,0.82
267,20,55,46,7.126253937544728,Desktop,Evening,Student,71eefcb243fb6043,9e8a29f0e17bf75e,USER_0267,Student,0.83
268,41,11,48,3.770543186409977,Desktop,Morning,Professional,1faa9dd40f017e1e,21ef35914072009e,USER_0268,Professional,0.9
269,47,65,41,4.452478585128245,Mobile,Evening,Professional,b2820ce563964beb,8dd449fd418c8bc4,USER_0269,Professional,0.93
270,51,12,19,6.565664126929698,Tablet,Night,Professional,967b83d1a2acafd4,2429339bbddaf406,USER_0270,Professional,0.99
271,32,156,20,0.4021009783048013,Tablet,Morning,Parent,1b0e8958594a798d,4e18c8536e0bd7e1,USER_0271,Parent,0.96
272,28,152,50,1.0707766481540337,Tablet,Afternoon,Parent,dccfd7c319268ba5,689097a77d667a94,USER_0272,Parent,0.94
273,27,12,37,9.688825539207128,Mobile,Evening,Professional,821a7c6f9f97d53d,ac5fe68bc8e171fc,USER_0273,Professional,0.87
274,37,39,49,5.513995958076887,Mobile,Night,Professional,7ac219d34c89fe06,54bc60a3ff81bbe4,USER_0274,Professional,0.96
275,51,77,28,1.852928621749087,Mobile,Night,Parent,10569e1b6e1798c8,2614f64791481045,USER_0275,Parent,0.74
276,42,129,15,7.2801398076018415,Desktop,Evening,Professional,78d6d9cebf4c5c1c,90b589b13de3e20f,USER_0276,Professional,0.97
277,56,72,49,7.835871482330603,Tablet,Night,Professional,56229ab7e98f8d6c,a9a6419fd22c324d,USER_0277,Professional,0.96
278,53,95,21,2.0015071989704767,Mobile,Evening,Parent,3cf9131df2976244,3e328ee63491594a,USER_0278,Parent,0.9
279,38,121,41,2.169773823124391,Desktop,Night,Parent,0cca9b9edbc49dfc,0dba55f4bcfbe1c5,USER_0279,Parent,0.97
280,57,20,9,5.588249039230449,Mobile,Afternoon,Professional,685b240d0ed0cdbb,1010eaf2a25b6a5b,USER_0280,Professional,0.9
281,49,97,11,8.329008790278909,Mobile,Night,Professional,b9873aba284481d6,4d8e778ac3b96a38,USER_0281,Professional,0.91
282,41,168,21,7.030049065325122,Tablet,Morning,Professional,ac3a918dc06ed6cf,6f622ca474b490df,USER_0282,Professional,0.93
283,44,132,2,1.3034043308044752,Desktop,Afternoon,Parent,a6008f915e8a2019,97194224d446829d,USER_0283,Parent,0.97
284,37,80,23,8.263374447395414,Desktop,Evening,Professional,436770b1a0fd5555,528e1e73a2b5751e,USER_0284,Professional,0.96
285,18,27,47,0.42237785303465003,Desktop,Night,Student,5d813f00384a499e,67fc18205f5d2b2f,USER_0285,Student,0.86
286,19,75,13,7.66725691711497,Tablet,Night,Parent,9e4d2479c20e3963,6b8d214e73c1905a,USER_0286,Parent,0.86
287,31,46,9,8.572830868402274,Desktop,Evening,Professional,fb8be1c6ddf20d75,7b96065c19eaa7b5,USER_0287,Professional,0.95
288,32,164,16,2.9021790267586844,Tablet,Morning,Parent,c0b1ed1618c4698d,1eb0ea71017f0b12,USER_0288,Parent,0.97
289,25,60,35,1.0467419632320119,Mobile,Evening,Teenager,02985eaac668f5ac,b52a4bbc86366a3d,USER_0289,Teenager,0.8
290,21,95,39,9.036724941472388,Desktop,Evening,Student,dd2f9d5fbf811134,de91b9904765ae3e,USER_0290,Student,0.87
291,56,64,18,2.661059876332849,Desktop,Afternoon,Parent,b12d8cc5e9395a10,796f7af87e7f49b6,USER_0291,Parent,0.98
292,59,125,25,8.043586815253622,Mobile,Night,Professional,88b824c494c4bfb2,815a13254e13214f,USER_0292,Professional,0.95
293,41,128,4,3.988708041572353,Tablet,Evening,Professional,68d654fe744415b6,196de93552afb490,USER_0293,Professional,0.99
294,54,126,32,9.55525649282589,Mobile,Morning,Professional,d01db374560c786b,e7a9a38820f38049,USER_0294,Professional,0.96
295,66,108,22,2.3309244926453543,Mobile,Night,Senior,b5c05ff8b9b848dd,8d2873af1f019693,USER_0295,Senior,0.95
296,21,154,9,4.816938754109705,Mobile,Evening,Parent,c89f58102284394e,ba2f2b36ee2e41ce,USER_0296,Parent,0.57
297,56,76,5,7.283143640321164,Mobile,Afternoon,Professional,a6f4f05a83f5342a,5d04ee463063684a,USER_0297,Professional,0.98
298,59,20,36,3.0895753048429975,Tablet,Evening,Professional,91531dbe985184e1,f9bff83c47bff8d7,USER_0298,Professional,0.56
299,68,33,33,9.798042249399339,Desktop,Morning,Parent,0b136fa05bbf7577,a18de4da7737c061,USER_0299,Parent,0.82
300,21,8,34,7.3039301237071905,Desktop,Night,Student,e8f243bd616d2d40,bf0e3c89839bd5b5,USER_0300,Student,0.85
301,38,33,33,7.895119652462138,Desktop,Evening,Professional,50870d925bc1bbb8,05f4c2940705cd25,USER_0301,Professional,0.93
302,50,109,19,4.16644303117512,Tablet,Evening,Professional,13f4673f3003cbde,aab1ef535651284d,USER_0302,Professional,0.97
303,27,10,26,1.2733049964772647,Desktop,Afternoon,Parent,89be14a7d19865fd,037bf38cb557ccdc,USER_0303,Parent,0.93
304,61,29,25,5.303742029507407,Desktop,Afternoon,Parent,8591a126e1d86d74,70b68442bc1ff1de,USER_0304,Parent,0.79
305,53,124,24,7.552918809252449,Desktop,Night,Professional,10bfd8315f5bb610,f0e82aedae894c15,USER_0305,Professional,0.96
306,43,12,11,0.48987350014786823,Desktop,Morning,Parent,5e72b138e2fe5ba4,2e6a342a248f4570,USER_0306,Parent,0.98
307,62,67,26,5.675646786913671,Tablet,Night,Senior,c144ac6664399595,b8ed1539b5979c3b,USER_0307,Senior,0.9
308,46,60,38,3.416912534329777,Desktop,Morning,Professional,dfbaa1d879d8e85e,48c6d4da75c1440a,USER_0308,Professional,0.93
309,24,74,25,4.9767815061428635,Mobile,Afternoon,Student,22164975ee5c5aba,aac796f127fab6bc,USER_0309,Student,0.84
310,29,114,8,8.803875272761443,Desktop,Afternoon,Professional,9d409d737c7f4102,a4042deb1b66c455,USER_0310,Professional,0.95
311,52,61,8,8.165053954117806,Desktop,Night,Professional,24122c7f1cf44768,55a574f6714bb85c,USER_0311,Professional,0.93
312,62,53,32,8.77369084169743,Desktop,Evening,Parent,8c32a256ca00b47c,184327d53335572f,USER_0312,Parent,0.83
313,53,40,18,7.592960129243749,Mobile,Morning,Professional,acc8ca6170c4cf27,c26a3f34a57d9352,USER_0313,Professional,0.92
314,68,67,34,9.846131511558584,Mobile,Afternoon,Senior,735099658cc29979,a427900f26e7c010,USER_0314,Senior,0.96
315,18,13,15,2.1909895750046138,Mobile,Evening,Parent,fc89984e4d41b632,336ff8e0b1a7d5c6,USER_0315,Parent,0.85
316,33,131,10,3.6511689456573935,Tablet,Evening,Professional,1dcf20a5340b2dd8,38d39e566a451e1c,USER_0316,Professional,0.96
317,58,157,39,9.57589294687508,Desktop,Night,Professional,9cfe71d05d9fc809,8155fc341640b98a,USER_0317,Professional,0.98
318,64,147,22,2.223765883552573,Mobile,Afternoon,Senior,ad253062e711b1bb,eebd58761d9f6575,USER_0318,Senior,0.99
319,20,180,40,4.822559535172184,Tablet,Morning,Student,d44232068d8300d2,d05dcd443bfc94a7,USER_0319,Student,0.93
320,19,172,10,3.948190765326834,Desktop,Afternoon,Parent,2658ddb86a059388,cd3da0fb3816254b,USER_0320,Parent,0.8
321,68,106,16,5.439027734021021,Mobile,Evening,Senior,eb34a3760fa55a2a,4e9939c82170c2e9,USER_0321,Senior,0.95
322,48,14,21,5.99832784548879,Desktop,Night,Professional,363ff3d73f2446ed,b299ca9f0c8f3540,USER_0322,Professional,0.99
323,23,32,43,0.8278041164796945,Mobile,Evening,Student,b803521318534a97,26d1c70d67988daf,USER_0323,Student,0.53
324,27,36,31,1.7668926568219823,Mobile,Afternoon,Teenager,4f1cd6b8a130ad9d,a60d34e41b135bac,USER_0324,Teenager,0.7
325,60,41,23,8.350559307557354,Desktop,Night,Professional,6796a63dda0ad8e7,8be0c638c789a137,USER_0325,Professional,0.86
326,41,81,2,4.52944331429812,Mobile,Afternoon,Professional,2e2e957a3cfe282f,bf05193d085e4997,USER_0326,Professional,0.94
327,62,133,13,2.8370413101004024,Tablet,Afternoon,Senior,f817421da6a5ce2c,6ebca9ac950f6190,USER_0327,Senior,0.9
328,23,154,41,1.581279862694679,Mobile,Morning,Student,01838f08d630a4d8,9121112625b5370e,USER_0328,Student,0.83
329,60,113,45,5.103341750593522,Desktop,Afternoon,Professional,9d1696bc76800347,b9b29716f04a79cb,USER_0329,Professional,0.72
330,52,180,1,2.70943029106565,Desktop,Afternoon,Parent,d6224400328038fe,d99190a576a87611,USER_0330,Parent,0.91
331,47,172,13,7.931928823579777,Desktop,Morning,Professional,8065fa15cb3b99f0,a0350ed33db3d268,USER_0331,Professional,0.97
332,63,78,18,2.1915849469099125,Tablet,Night,Senior,92793da7f2808fe3,d6b5266022fbfb86,USER_0332,Senior,0.88
333,33,161,8,4.284181781799365,Tablet,Afternoon,Professional,964c6d40d17898c6,ce2cb8b370b543a8,USER_0333,Professional,0.98
334,41,81,46,5.815070049185889,Desktop,Morning,Professional,bda1496a563f99ec,e7f17616b379afa9,USER_0334,Professional,0.99
335,24,105,31,5.428895571350757,Mobile,Afternoon,Student,390fd699b89c71d1,797b4f3dea8ed713,USER_0335,Student,0.73
336,40,73,34,6.0670279547511345,Tablet,Night,Professional,422f8c0713e636d2,810e3db8b9513c8b,USER_0336,Professional,0.97
337,46,15,22,8.763430913323784,Desktop,Evening,Professional,2ef017ebcdd7f67a,f720c6ab363cfbc0,USER_0337,Professional,0.94
338,63,57,45,5.444450502208504,Mobile,Evening,Teenager,81f1dfaf25e13e55,79403238eee2b276,USER_0338,Teenager,0.6
339,33,8,19,8.223739135046625,Tablet,Night,Professional,74e03e907e7c8c28,08ef77970a317dca,USER_0339,Professional,0.98
340,37,56,13,3.4214800274623816,Tablet,Night,Professional,7eeb595c6ff57f10,908fbb190782487a,USER_0340,Professional,0.89
341,43,168,16,6.655397989528932,Tablet,Evening,Professional,bc42720fd5277d9e,a2bc2b5a732aeba6,USER_0341,Professional,0.97
342,24,10,17,8.68452689356471,Desktop,Evening,Parent,ae48164e591a0cf7,e12f87271168afaa,USER_0342,Professional,0.5
343,35,75,26,9.403667498302937,Mobile,Afternoon,Professional,730340a09803630f,b5c4a26c43623db0,USER_0343,Professional,0.95
344,70,166,30,7.5429806908556625,Tablet,Morning,Senior,bb5b2393b55b079a,1a7dd4a9c4347390,USER_0344,Senior,0.9
345,37,152,6,2.1405775367777666,Tablet,Afternoon,Parent,b88add856ca97115,d4c557a0f0bba223,USER_0345,Parent,0.99
346,46,151,47,5.638972838461988,Desktop,Night,Professional,de84179c7c1154ac,d10d83c3051cd7ff,USER_0346,Professional,0.92
347,70,132,21,3.1314090627302846,Desktop,Night,Senior,fec8d59dd2e1446d,24f759ba2d908eca,USER_0347,Senior,0.81
348,31,135,37,8.533428801736676,Tablet,Night,Professional,6883e4be42563042,05df8e6ce286538b,USER_0348,Professional,0.98
349,49,29,5,4.480294926578847,Tablet,Evening,Professional,99157b351ae101ac,000b41362ba8261e,USER_0349,Professional,0.98
350,66,160,7,3.2040133067860053,Desktop,Night,Senior,2d69a9b7fcf7b54b,25194d24ec361da2,USER_0350,Senior,0.92
351,68,104,25,8.360822796074833,Mobile,Afternoon,Senior,45a2e5768643a03c,4029b82524c6e47e,USER_0351,Senior,0.98
352,63,164,31,8.85455182375055,Mobile,Afternoon,Senior,1029b747535042ab,cbd3e574d745f961,USER_0352,Senior,0.96
353,39,101,10,9.080338377266704,Tablet,Afternoon,Professional,c567eaf8c57d0c5b,06b72228f971791f,USER_0353,Professional,0.99
354,54,70,12,5.474540310773701,Mobile,Evening,Professional,ba5cf04a362c7a84,bcbc9d7c8f345edb,USER_0354,Professional,0.92
355,64,148,36,8.489689610871315,Desktop,Morning,Senior,8fd8bea2c440fbaa,b6b8a614f3d84871,USER_0355,Senior,0.91
356,58,38,12,2.1171291497640077,Tablet,Morning,Parent,363a7d1f2cc6f3f9,c6f2b433bd0296a0,USER_0356,Parent,0.95
357,40,140,38,5.009296863826883,Desktop,Night,Professional,77824ccd2be6e23c,ce596995c63acb37,USER_0357,Professional,0.91
358,42,45,29,0.48044678637995775,Tablet,Evening,Parent,b753a74a42cf9c14,0d0924adf1f71270,USER_0358,Parent,0.87
359,22,5,50,5.820054209906322,Desktop,Evening,Student,6c12c997f17b86ae,c1b0a76a763222d0,USER_0359,Student,0.82
360,35,128,42,5.328242185415618,Mobile,Morning,Professional,7a7771d0275d77e3,fb0193eae9570b21,USER_0360,Professional,0.97
361,48,131,3,9.360702599382236,Mobile,Morning,Professional,646ee7bfe2cf3d8a,1e989ed7120fe4bd,USER_0361,Professional,0.99
362,43,81,40,1.1052727944741592,Mobile,Evening,Teenager,f0432dfa38cda80d,10b17d04d4a285dd,USER_0362,Teenager,0.79
363,20,95,30,3.251754384296981,Desktop,Evening,Student,2693d739b569096d,7fcb4d93dabb6afd,USER_0363,Student,0.84
364,51,67,1,5.838051431527212,Desktop,Evening,Professional,06f928e7fbd7851c,a6dbba2041b08a56,USER_0364,Professional,0.73
365,45,71,15,4.356529987235036,Desktop,Afternoon,Professional,e8af2b4b1ba3004b,75da5a83996512e5,USER_0365,Professional,0.96
366,49,63,26,9.000810734557376,Tablet,Morning,Professional,d887a3832a58398a,b4b6b3675d267d68,USER_0366,Professional,0.98
367,34,108,4,9.905195600222664,Desktop,Evening,Professional,379c6ba4187e34a6,4bd606fddc82967a,USER_0367,Professional,0.97
368,32,102,44,9.574495235604099,Desktop,Morning,Professional,5d167a70d6f18821,5d9ce157ba41667c,USER_0368,Professional,0.95
369,63,68,30,1.8823648469140508,Tablet,Afternoon,Senior,6bfa16205b262a43,8dff5e32f2f1c83c,USER_0369,Senior,0.68
370,63,141,17,1.4539071716063612,Desktop,Afternoon,Senior,ff6438d6c4514771,c5d6924547b40cf0,USER_0370,Senior,0.9
371,47,117,19,3.988613692284584,Tablet,Afternoon,Professional,8b73c574c87aab78,0644d541909368be,USER_0371,Professional,1.0
372,33,166,36,9.60936911735411,Mobile,Night,Professional,28d4a5f92e73fca2,83bc13315e2384d7,USER_0372,Professional,0.94
373,58,91,36,5.91565517526765,Desktop,Evening,Professional,db75d46fc8965983,6848f9b69a82d69a,USER_0373,Professional,1.0
374,37,100,3,7.044435253337344,Tablet,Morning,Professional,60d1e9e56c34bf9c,0dd39ec2f7b36316,USER_0374,Professional,0.96
375,60,109,37,6.400989680223908,Mobile,Evening,Professional,de5eeeb5cc675401,09d6128784c75a21,USER_0375,Professional,0.91
376,46,29,5,0.8687082320913764,Mobile,Morning,Parent,d1cfa385c3ed8ee5,6f53fd9db9e17864,USER_0376,Parent,0.92
377,50,37,5,3.083014506060863,Desktop,Afternoon,Professional,1c5dd289f836855d,004587a9531b6e57,USER_0377,Professional,0.86
378,55,109,20,1.2829622242726135,Desktop,Evening,Parent,b70182b387bae37f,dfcef426deed0a27,USER_0378,Parent,0.96
379,62,115,44,9.681529916425086,Mobile,Evening,Senior,e8c5a1f2f7e50370,0169b1b323989833,USER_0379,Senior,0.89
380,26,50,7,5.574746524020745,Tablet,Morning,Professional,b5f41822f6b0949e,d4a666da2bada42f,USER_0380,Professional,0.88
381,69,127,21,9.386589808453488,Mobile,Night,Senior,50962fc42553a9fa,c921e3ed1ffa7dc4,USER_0381,Senior,0.88
382,58,152,29,6.813790920786946,Desktop,Afternoon,Professional,1b6faca0a966a861,4d5a79a3f614bf00,USER_0382,Professional,0.97
383,69,81,46,4.942696353583925,Desktop,Morning,Senior,ba5deb9e31499687,0be9abe743156dc8,USER_0383,Senior,0.88
384,67,43,47,1.8042627138583267,Desktop,Morning,Parent,59a2b65ef1b1543b,32498abc75b7cd2a,USER_0384,Parent,0.92
385,50,35,31,3.744138041496691,Tablet,Evening,Professional,0f4b12bc8cac1a91,f94e537ad6d337c9,USER_0385,Professional,0.95
386,56,22,31,7.787943867532604,Mobile,Morning,Professional,1e8de1e6a6eb72aa,63fdb96964984f32,USER_0386,Professional,0.96
387,58,42,19,8.50813558490643,Tablet,Afternoon,Professional,b9254d10660c6bb3,20ae4ec2294b6851,USER_0387,Professional,0.96
388,19,133,17,7.898956321349562,Mobile,Morning,Parent,d393277fda1d2b36,95dbc49ef7452438,USER_0388,Parent,0.73
389,38,17,34,1.608940706646722,Desktop,Afternoon,Parent,c00f04a8850df72a,1aa145d914abbcfd,USER_0389,Parent,0.96
390,23,50,25,1.2421863250215104,Tablet,Afternoon,Student,613bcdd7de2d4305,aab2cb0d96d73e89,USER_0390,Student,0.76
391,49,100,3,1.3782565546663084,Mobile,Evening,Parent,a4fef8c1b5ae27ca,4c5e73384467e77e,USER_0391,Parent,0.93
392,28,21,2,1.305664848839646,Desktop,Evening,Parent,748a61bdb670053d,a8b3f5761cb0a82b,USER_0392,Parent,1.0
393,36,32,27,3.065066686706852,Mobile,Morning,Professional,10a9674d2e770eff,181912b8a1d4b61c,USER_0393,Professional,0.82
394,56,125,8,6.255954274630495,Tablet,Afternoon,Professional,7da93f95f51a6ca8,8ad2b7b2ca5b505d,USER_0394,Professional,1.0
395,52,86,4,2.930904699879374,Tablet,Night,Parent,3cbb50be83e3ee62,f7712a2316582161,USER_0395,Parent,0.93
396,32,138,24,7.510730639335278,Mobile,Evening,Professional,b148abd3542fddb8,f24b88e91ab83f12,USER_0396,Professional,0.97
397,43,91,10,6.055685675434889,Tablet,Night,Professional,e07d65767c759813,9c2a882bc8f6381b,USER_0397,Professional,0.98
398,43,79,19,4.4028025396720185,Tablet,Afternoon,Professional,ef7161a4269417bc,bbee998a0998329e,USER_0398,Professional,1.0
399,40,33,5,9.119036436169923,Mobile,Night,Professional,6af778efee68eb6b,a4998b737c26d932,USER_0399,Professional,0.85
400,44,6,9,5.78009826508315,Desktop,Night,Professional,3251cda0fbc18fdb,1b5c0f0f5ee86854,USER_0400,Professional,0.93
401,49,79,2,0.038765966514549,Desktop,Evening,Parent,44cfb589d12cefde,5faaab96d51a2634,USER_0401,Parent,0.97
402,23,111,25,3.7346243867361872,Tablet,Afternoon,Student,a452f657d295751e,6556c1286cc857e1,USER_0402,Student,0.86
403,27,178,2,1.6191229542130403,Tablet,Afternoon,Parent,93c8234480727ea6,456d7c7d905774ca,USER_0403,Parent,0.94
404,20,173,11,3.026700386258687,Tablet,Evening,Parent,e98ead243d25cba3,f24a59b12b1d26ef,USER_0404,Parent,0.89
405,27,162,3,7.473513915797909,Mobile,Night,Professional,819b7199abca024a,491b560f3dfa3af8,USER_0405,Professional,0.91
406,66,122,1,0.31786215618206826,Mobile,Night,Senior,a36d81071ae5a884,99eceae4e804022c,USER_0406,Senior,0.95
407,37,32,19,5.736012947854427,Desktop,Night,Professional,b2df20788026ec62,d1dea641c21798a2,USER_0407,Professional,0.99
408,40,56,7,3.2430792843870924,Desktop,Afternoon,Professional,934ece9e8579322d,f525b54844dce9f2,USER_0408,Professional,0.87
409,31,113,10,9.221051976282734,Desktop,Evening,Professional,380d6fc1e710e2d6,a2d7cc396fa28026,USER_0409,Professional,0.98
410,28,66,17,1.5406007286486445,Mobile,Night,Parent,d3c1b0a0a1fcddac,256c2c8610a8bbe3,USER_0410,Parent,0.93
411,34,112,13,4.050470655965482,Tablet,Afternoon,Professional,211bbcf55e08890c,202a06a3f38d168e,USER_0411,Professional,0.99
412,70,13,28,0.8969619928587524,Tablet,Afternoon,Parent,f781f6d77b30d296,1136ae2ec5b44bef,USER_0412,Parent,0.65
413,50,26,30,2.333482034336183,Tablet,Night,Parent,01eb11eb9db3b840,27701b7a3cab620d,USER_0413,Parent,0.94
414,54,180,7,9.40388433178612,Desktop,Morning,Professional,d691c4278acc863e,ce5eb46dffed5517,USER_0414,Professional,0.94
415,33,163,43,3.964101256221717,Tablet,Evening,Professional,fcf599b78e89d15b,8388858c8e8e0897,USER_0415,Professional,0.84
416,26,25,39,8.028738415448808,Mobile,Night,Professional,656d2c7880f09908,d4ca55461ba33918,USER_0416,Professional,0.91
417,18,104,11,8.749765202321779,Desktop,Morning,Parent,63d5c426d2a69516,72bde24c37d1a1b8,USER_0417,Parent,0.43
418,22,46,18,6.551051643950592,Desktop,Morning,Parent,07f7fd93d07e9b0d,6a3cfb4800635567,USER_0418,Parent,0.77
419,70,122,31,3.0938267382685334,Mobile,Evening,Senior,336dd09f52214625,4b3701674740512b,USER_0419,Senior,0.97
420,24,67,20,0.19189386044855428,Desktop,Evening,Parent,4bedd21abf7cadd5,ef98d677b6dd3277,USER_0420,Parent,0.97
421,62,94,42,5.770246909686496,Mobile,Afternoon,Senior,6b2415b51d804106,e57fc46898e3c0c8,USER_0421,Senior,0.91
422,33,84,3,7.863746988863388,Desktop,Morning,Professional,c439a696201eddc1,cb5a68df7374c8cb,USER_0422,Professional,0.97
423,47,52,26,3.9544803704629414,Tablet,Afternoon,Professional,bd86ef469b5ef7f1,e12f42215017497e,USER_0423,Professional,0.91
424,33,32,17,7.1530168043186535,Mobile,Afternoon,Professional,13dbbbc37be873ed,48130fd3ad4418b9,USER_0424,Professional,0.97
425,69,85,16,9.660102342815502,Desktop,Evening,Senior,0dc76702d6b3177a,5a25853bacbacd70,USER_0425,Senior,0.81
426,52,16,6,1.9152535748918398,Mobile,Night,Parent,1539593806af21c0,0d30f6b8c32b3b30,USER_0426,Parent,0.93
427,41,146,9,2.0923806336169015,Desktop,Evening,Parent,f366565758bf86ca,d3e195ff7cb19d8f,USER_0427,Parent,0.97
428,65,160,18,3.3764480763410654,Tablet,Evening,Senior,c5baa60be7a36a1f,06c4938f43d57e70,USER_0428,Senior,0.96
429,33,136,29,5.30147409563861,Tablet,Afternoon,Professional,5f1520e03e3cf222,00ad29308cc2133c,USER_0429,Professional,0.96
430,33,20,28,1.5610452768454464,Mobile,Night,Parent,bbb4eb4493cb875f,dce44c0ce666727e,USER_0430,Parent,0.89
431,58,8,17,0.30997486885084524,Mobile,Evening,Parent,273ef1e8520d2efd,98f04544d8acdba6,USER_0431,Parent,0.95
432,57,66,2,1.8468155915996787,Desktop,Morning,Parent,e38f86489bf573ad,648024b1a2b084da,USER_0432,Parent,0.97
433,27,162,4,9.090950062413953,Mobile,Evening,Professional,79a2f8e71412300a,57fb86734d2b740f,USER_0433,Professional,0.98
434,57,151,40,6.520012814218824,Mobile,Morning,Professional,754f38f70cf734af,40f1bb83bbec90c1,USER_0434,Professional,0.97
435,61,127,23,0.5373452269194368,Tablet,Evening,Senior,69070e5985fc58a7,cf52038bd10c3312,USER_0435,Senior,0.87
436,23,76,25,2.0335019777343577,Tablet,Morning,Student,250c402d09ebb359,7434e49df59d1cd9,USER_0436,Student,0.74
437,37,12,28,9.61313445899475,Desktop,Evening,Professional,243c822c126f320f,2293eaef0bfd7d63,USER_0437,Professional,0.8
438,70,157,46,0.5754442970805607,Mobile,Night,Senior,9b247ac2edcebd63,c8612dedb6b53740,USER_0438,Senior,0.84
439,56,41,25,3.147879835278186,Desktop,Afternoon,Professional,e7b87a58ba8d8643,9edd9b7ccb2a7971,USER_0439,Professional,0.94
440,24,52,3,8.136261857307296,Mobile,Night,Parent,46b87537a825f224,d8e53341b9570371,USER_0440,Parent,0.76
441,31,93,19,2.958745152699348,Mobile,Night,Parent,0bfbdaebdab1495e,5cd2941ec18074d2,USER_0441,Parent,0.77
442,37,60,15,3.6582304589867256,Mobile,Evening,Professional,5ef5890b8c52e047,163bc0aa392f33d7,USER_0442,Professional,0.88
443,19,130,31,5.277352973835429,Desktop,Evening,Student,180477d100540ce7,1149dc91347726ca,USER_0443,Student,0.87
444,51,139,10,7.706814058942482,Mobile,Afternoon,Professional,9c5789be9d605ed6,a68974d63fb33688,USER_0444,Professional,0.94
445,37,123,15,8.036925592183323,Mobile,Night,Professional,b4875f64d8084ef8,93b47c5e69097240,USER_0445,Professional,0.99
446,45,71,40,0.9420265297264219,Mobile,Morning,Teenager,8cb45ea4eb615f39,4a6c4cac395e8723,USER_0446,Teenager,0.51
447,42,143,21,9.97727341956217,Tablet,Morning,Professional,f25e649c1cad4df8,98b818487e7df36c,USER_0447,Professional,0.96
448,19,72,17,9.224932536628343,Tablet,Evening,Parent,fd97a34d3fd499fe,48721218ade3686e,USER_0448,Professional,0.43
449,37,58,27,5.413812809280499,Desktop,Morning,Professional,27a553b085f2745f,c6614d1ff8628256,USER_0449,Professional,0.85
450,43,38,50,4.827087649136093,Mobile,Afternoon,Professional,c10e5b20c8062c1c,cca48db9ce01d6e7,USER_0450,Professional,0.96
451,60,96,4,3.3820665006695605,Tablet,Morning,Professional,fcf01572d128b886,b057aea045ffe64a,USER_0451,Professional,0.77
452,20,72,5,1.9688411803775174,Desktop,Morning,Parent,ec24611cfaa5f3cf,085ef51bf97bc9c1,USER_0452,Parent,0.79
453,27,175,20,2.347830349605633,Tablet,Evening,Parent,0c648a2ed430439c,07b36984098f2eb8,USER_0453,Parent,0.93
454,64,67,50,5.785474830257384,Mobile,Night,Senior,35f729158f2d711f,79114d8fda93e65d,USER_0454,Senior,0.89
455,52,113,22,6.814024726904455,Tablet,Afternoon,Professional,506abc620dd26fd9,8f4ed0b71ec16dae,USER_0455,Professional,0.99
456,24,24,34,3.77913078249966,Mobile,Morning,Student,580d899d7fcffed6,c03ecd838de0d0bb,USER_0456,Student,0.82
457,56,62,24,3.1490474459925464,Desktop,Night,Professional,f03a0caa923837cd,6a31ca9517122a9a,USER_0457,Professional,0.92
458,38,159,46,4.476289169930093,Mobile,Morning,Professional,7a5b88f76050432b,8a7687f2cd67f6c1,USER_0458,Professional,0.94
459,19,175,26,0.43138889551872284,Desktop,Morning,Student,f53cccbb78a8edc4,588ddead7d4bbd89,USER_0459,Student,0.75
460,68,98,21,9.552954743945305,Mobile,Morning,Senior,a7d98d9e6d7c6444,752b6e01c440b155,USER_0460,Senior,0.84
461,57,92,42,6.937004022132513,Desktop,Evening,Professional,58f26b5fe47e9337,4e7fae770a4f9b6f,USER_0461,Professional,0.98
462,35,153,30,3.4362480140385188,Mobile,Evening,Professional,c3d5bb0db498f485,61521af8847ae7dd,USER_0462,Professional,0.94
463,67,103,44,5.20828429011595,Desktop,Night,Senior,6f18d636f79dfddd,92be45b0d39d0a46,USER_0463,Senior,0.86
464,34,61,36,7.3221466602635825,Desktop,Morning,Professional,f9912089f4073150,724a4021f33ec24a,USER_0464,Professional,0.99
465,61,128,14,1.3252662105338342,Desktop,Afternoon,Senior,ae1c40b79284bf29,f5f9ca79d432df8c,USER_0465,Senior,0.88
466,51,167,33,3.06528038130204,Desktop,Evening,Professional,6aa3daf59b481cb9,c331f0da45d67c33,USER_0466,Professional,0.83
467,68,169,38,5.915179019976002,Mobile,Evening,Senior,e3b52961a49a8033,2628232a068c9936,USER_0467,Senior,0.93
468,65,137,39,3.5858977733759456,Mobile,Evening,Senior,83adb383cd5ef8bd,51f997f37a7b2331,USER_0468,Senior,0.92
469,30,42,20,6.3102543974396355,Desktop,Evening,Professional,58c54b3ed70779c2,c93139ffe0e68a3d,USER_0469,Professional,0.96
470,60,72,7,4.245079975413342,Mobile,Afternoon,Professional,2b77ed0729cac0e9,4389c7bc322fe4f7,USER_0470,Professional,0.94
471,67,64,25,5.805225273864871,Mobile,Morning,Senior,f72d99499202c4ed,8e052e9676d7bdbb,USER_0471,Senior,0.8
472,60,62,13,4.91402753114871,Tablet,Morning,Professional,2aa2c3da6a226f08,c7e5afb5e6fb9db6,USER_0472,Professional,0.89
473,21,147,40,4.636808262056773,Tablet,Night,Student,e59d5b5d99c49ef6,cf4c66defc7c49e2,USER_0473,Student,0.92
474,56,158,3,2.6399222186755447,Tablet,Afternoon,Parent,38fb52b30ef873b7,a70be5509735414c,USER_0474,Parent,0.87
475,33,18,35,5.493457365196914,Tablet,Morning,Professional,f4236fc6129dcbe1,79855c38b1803a9f,USER_0475,Professional,0.85
476,47,130,3,1.8325813356761322,Tablet,Morning,Parent,7034ebdcb554feaf,f10656b5801dd3e2,USER_0476,Parent,0.96
477,62,100,1,2.09717337496072,Tablet,Afternoon,Senior,4f36b50040f930b2,01b8b269257d232f,USER_0477,Senior,0.89
478,59,110,27,7.946252701893291,Desktop,Afternoon,Professional,456b59d85b986cdb,57ee50b513bf46d2,USER_0478,Professional,0.97
479,64,108,8,8.969331203582577,Desktop,Afternoon,Senior,a009a06920fbba59,720c3723cdc63326,USER_0479,Senior,0.94
480,31,125,26,6.684430838190356,Tablet,Morning,Professional,bd22e76bdb29b985,310db34860a657ff,USER_0480,Professional,0.95
481,67,8,36,8.899155186456776,Mobile,Evening,Teenager,1849f4e0fb4d9866,f3f36ee34c63c64b,USER_0481,Teenager,0.64
482,57,132,34,4.146831332700716,Tablet,Night,Professional,5bdef64b7c369359,a3a0212714b362a7,USER_0482,Professional,0.96
483,62,20,42,6.327957858488519,Tablet,Evening,Parent,8f0501b81e5a494d,fe8072fec5dd1012,USER_0483,Parent,0.76
484,35,157,38,2.6473308674467653,Desktop,Morning,Parent,afa9934064e72bda,a224d068d8144f65,USER_0484,Parent,0.94
485,36,73,29,6.010308273849296,Desktop,Morning,Professional,138d63d761205617,e7e9e0a259afac9e,USER_0485,Professional,1.0
486,68,37,50,1.273355852315784,Desktop,Morning,Parent,8c0d616f67cc53e5,7de0b054c3300e98,USER_0486,Parent,0.97
487,41,81,27,2.4751582057050427,Mobile,Night,Parent,97f6e6f1fb6fbde5,3df0acc3201a55ca,USER_0487,Parent,0.86
488,52,157,28,4.629308682157408,Mobile,Evening,Professional,97b03a93101ffb99,072947da64bedc98,USER_0488,Professional,0.97
489,51,79,16,3.3739908717406477,Mobile,Morning,Professional,9c54dca3504df7a3,db8c3f2f2828a69a,USER_0489,Professional,0.95
490,49,18,50,0.25245624555940926,Tablet,Morning,Parent,a9e7ddf668669814,c77d28d39bb49184,USER_0490,Parent,0.95
491,26,180,24,1.8106497197835325,Desktop,Morning,Parent,d39fc5cc6d2e91ea,60b6806c2003e0d7,USER_0491,Parent,0.91
492,60,177,31,9.250310386192822,Mobile,Morning,Professional,fab681a9c11012ca,441a658c3ee2fffd,USER_0492,Professional,0.95
493,68,48,18,9.304782546757151,Desktop,Evening,Parent,67094ca6f8647d74,aa39dfb90a964ed3,USER_0493,Parent,0.56
494,30,76,35,3.1356713365766096,Desktop,Morning,Professional,893ddbdb84d30736,5e33bf842b130f8e,USER_0494,Professional,0.9
495,18,178,37,3.0406267665040456,Desktop,Morning,Student,3d72dbd416f36048,5ef2f2b694f15449,USER_0495,Student,0.54
496,22,9,13,0.13625342994546763,Tablet,Evening,Parent,fe563105137ff56a,225b71ffdb0da04f,USER_0496,Parent,0.95
497,45,177,17,8.197391540585706,Tablet,Afternoon,Professional,5f8f0531dd4db938,c33146786d441c01,USER_0497,Professional,0.99
498,58,144,33,4.61777913818315,Desktop,Evening,Professional,115ba995efdea59b,7e92e53c2ce7a37a,USER_0498,Professional,0.93
499,23,122,38,5.486130045053105,Mobile,Morning,Student,74dca3bf37853a8d,7ef19494c2e499d1,USER_0499,Student,0.88
500,34,122,9,2.5163511711198163,Mobile,Afternoon,Parent,e7890d99462b938f,14efe6710da77143,USER_0500,Parent,0.91
501,49,107,18,0.32738967106830663,Tablet,Night,Parent,982b3eb8d335f202,6722f56003718c2f,USER_0501,Parent,0.9
502,36,157,27,1.4729275213323123,Mobile,Afternoon,Parent,1f11f0c0571b7850,0c7ca0eab3df43ed,USER_0502,Parent,0.78
503,45,91,33,3.828258948521518,Tablet,Night,Professional,e573429ec1e7a2b5,3e07ef678c4c2edb,USER_0503,Professional,0.97
504,47,148,27,4.768382913836312,Desktop,Morning,Professional,edaacc722ea70ddc,1a933936b2ba032d,USER_0504,Professional,0.91
505,66,46,27,0.5622492239987231,Tablet,Evening,Parent,b606baad499b4665,1a7cb7a8e4230358,USER_0505,Parent,0.64
506,34,8,17,6.012414923826511,Tablet,Night,Professional,c9f9f267bae71b37,1d7ae56b4a95d4cb,USER_0506,Professional,0.99
507,25,15,15,8.132188484914515,Desktop,Night,Professional,d8a5b4dba5ebf700,f4ae50c37c00ebae,USER_0507,Professional,0.87
508,53,44,37,4.18582944268651,Desktop,Night,Professional,cb2f517af3813465,f73abc913306bbe4,USER_0508,Professional,0.9
509,54,14,35,2.21732215856285,Tablet,Evening,Parent,806f2c777f57b72e,3a491376edb6f005,USER_0509,Parent,0.94
